{"cards": [[0.0, 0.0, 0.276, 0.0, 3.3333333333333335e-05, 0.24943333333333334, 0.0, 0.48156666666666664], [1.0, 0.0, 0.8646666666666667, 0.9589666666666666, 0.0, 0.9203333333333333, 0.4800333333333333, 0.9880333333333333], [0.7068666666666666, 0.12339999999999997, 0.0, 0.0, 0.4180333333333333, 0.48893333333333333, 0.0, 0.0], [1.0, 0.03330000000000003, 1.0, 0.0, 0.48673333333333335, 0.0, 0.9976666666666667, 0.0], [0.9999666666666667, 1.0, 0.5607666666666667, 0.4842333333333333, 0.0, 0.4839, 0.0, 0.8020666666666667], [0.7295666666666666, 0.06526666666666667, 0.4885, 1.0, 0.4875, 0.0, 0.0, 0.0], [1.0, 0.4770666666666667, 1.0, 0.001999999999999965, 1.0, 1.0, 0.0, 0.5088], [0.4902333333333333, 0.008833333333333348, 1.0, 1.0, 0.17583333333333329, 1.0, 0.4723333333333333, 0.0]], "tricks": [[0.0, 0.0, 0.2116, 0.0, 0.0011666666666666668, 0.16696666666666668, 0.0, 0.3259666666666667], [1.0, 0.0, 0.8039666666666667, 0.8857, 0.0, 0.7946333333333333, 0.41113333333333335, 0.9679], [0.6614333333333333, 0.11459999999999995, 0.0, 0.0, 0.4230333333333333, 0.4064, 0.0, 0.0], [1.0, 0.04909999999999996, 1.0, 0.0, 0.4344, 0.0, 0.9341, 0.0], [0.9948666666666667, 1.0, 0.44289999999999996, 0.43143333333333334, 0.0, 0.4296333333333333, 0.0, 0.7682333333333333], [0.6929333333333333, 0.1093666666666667, 0.4044333333333333, 1.0, 0.4321666666666667, 0.0, 0.0, 0.0], [1.0, 0.40656666666666663, 1.0, 0.026866666666666622, 1.0, 1.0, 0.0, 0.43756666666666666], [0.32483333333333325, 0.00823333333333335, 1.0, 1.0, 0.11286666666666667, 1.0, 0.4064, 0.0]], "cards_ties": [[0.0, 0.0, 0.017133333333333334, 0.0, 0.0, 0.021, 0.0, 0.0282], [0.0, 0.0, 0.011933333333333334, 0.007733333333333333, 0.0, 0.0144, 0.0429, 0.0031333333333333335], [0.017133333333333334, 0.011933333333333334, 0.0, 0.0, 0.0212, 0.022566666666666665, 0.0, 0.0], [0.0, 0.007733333333333333, 0.0, 0.0, 0.029033333333333335, 0.0, 0.0003333333333333333, 0.0], [0.0, 0.0, 0.0212, 0.029033333333333335, 0.0, 0.0286, 0.0, 0.0221], [0.021, 0.0144, 0.022566666666666665, 0.0, 0.0286, 0.0, 0.0, 0.0], [0.0, 0.0429, 0.0, 0.0003333333333333333, 0.0, 0.0, 0.0, 0.018866666666666667], [0.0282, 0.0031333333333333335, 0.0, 0.0, 0.0221, 0.0, 0.018866666666666667, 0.0]], "tricks_ties": [[0.0, 0.0, 0.12696666666666667, 0.0, 0.003966666666666667, 0.1401, 0.0, 0.3492], [0.0, 0.0, 0.08143333333333333, 0.0652, 0.0, 0.096, 0.1823, 0.023866666666666668], [0.12696666666666667, 0.08143333333333333, 0.0, 0.0, 0.13406666666666667, 0.18916666666666668, 0.0, 0.0], [0.0, 0.0652, 0.0, 0.0, 0.13416666666666666, 0.0, 0.03903333333333334, 0.0], [0.003966666666666667, 0.0, 0.13406666666666667, 0.13416666666666666, 0.0, 0.1382, 0.0, 0.1189], [0.1401, 0.096, 0.18916666666666668, 0.0, 0.1382, 0.0, 0.0, 0.0], [0.0, 0.1823, 0.0, 0.03903333333333334, 0.0, 0.0, 0.0, 0.15603333333333333], [0.3492, 0.023866666666666668, 0.0, 0.0, 0.1189, 0.0, 0.15603333333333333, 0.0]], "n": 30000}