{"cards": [[0.0, 0.4765666666666667, 0.276, 0.1786, 3.3333333333333335e-05, 0.24943333333333334, 0.010333333333333333, 0.48156666666666664], [0.5037, 0.0, 0.8646666666666667, 0.9589666666666666, 0.0024666666666666665, 0.9203333333333333, 0.4800333333333333, 0.9880333333333333], [0.7068666666666666, 0.1234, 0.0, 0.4879, 0.4180333333333333, 0.48893333333333333, 0.0695, 0.7255], [0.8021333333333334, 0.0333, 0.48406666666666665, 0.0, 0.48673333333333335, 0.5533333333333333, 0.9976666666666667, 1.0], [0.9999666666666667, 0.9972333333333333, 0.5607666666666666, 0.48423333333333335, 0.0, 0.4839, 0.037066666666666664, 0.8020666666666667], [0.7295666666666667, 0.06526666666666667, 0.4885, 0.4249, 0.4875, 0.0, 0.1242, 0.7063333333333334], [0.987, 0.4770666666666667, 0.9156333333333333, 0.002, 0.9546666666666667, 0.8633, 0.0, 0.5088], [0.49023333333333335, 0.008833333333333334, 0.25283333333333335, 0.0, 0.17583333333333334, 0.27726666666666666, 0.4723333333333333, 0.0]], "tricks": [[0.0, 0.40576666666666666, 0.2116, 0.11423333333333334, 0.0011666666666666668, 0.16696666666666668, 0.008333333333333333, 0.3259666666666667], [0.44053333333333333, 0.0, 0.8039666666666667, 0.8857, 0.027366666666666668, 0.7946333333333333, 0.41113333333333335, 0.9679], [0.6614333333333333, 0.1146, 0.0, 0.43193333333333334, 0.4230333333333333, 0.4064, 0.11593333333333333, 0.6929], [0.7684333333333333, 0.0491, 0.43193333333333334, 0.0, 0.4344, 0.4406333333333333, 0.9341, 0.9946666666666667], [0.9948666666666667, 0.9344333333333333, 0.4429, 0.43143333333333334, 0.0, 0.4296333333333333, 0.052833333333333336, 0.7682333333333333], [0.6929333333333333, 0.10936666666666667, 0.4044333333333333, 0.42623333333333335, 0.43216666666666664, 0.0, 0.11806666666666667, 0.6608666666666667], [0.9656666666666667, 0.4065666666666667, 0.7899333333333334, 0.026866666666666667, 0.8782, 0.7993, 0.0, 0.43756666666666666], [0.3248333333333333, 0.008233333333333334, 0.1704, 0.0011, 0.11286666666666667, 0.21203333333333332, 0.4064, 0.0]], "cards_ties": [[0.0, 0.019733333333333332, 0.017133333333333334, 0.019266666666666668, 0.0, 0.021, 0.0026666666666666666, 0.0282], [0.019733333333333332, 0.0, 0.011933333333333334, 0.007733333333333333, 0.0003, 0.0144, 0.0429, 0.0031333333333333335], [0.017133333333333334, 0.011933333333333334, 0.0, 0.028033333333333334, 0.0212, 0.022566666666666665, 0.014866666666666667, 0.021666666666666667], [0.019266666666666668, 0.007733333333333333, 0.028033333333333334, 0.0, 0.029033333333333335, 0.021766666666666667, 0.0003333333333333333, 0.0], [0.0, 0.0003, 0.0212, 0.029033333333333335, 0.0, 0.0286, 0.008266666666666667, 0.0221], [0.021, 0.0144, 0.022566666666666665, 0.021766666666666667, 0.0286, 0.0, 0.0125, 0.0164], [0.0026666666666666666, 0.0429, 0.014866666666666667, 0.0003333333333333333, 0.008266666666666667, 0.0125, 0.0, 0.018866666666666667], [0.0282, 0.0031333333333333335, 0.021666666666666667, 0.0, 0.0221, 0.0164, 0.018866666666666667, 0.0]], "tricks_ties": [[0.0, 0.1537, 0.12696666666666667, 0.11733333333333333, 0.003966666666666667, 0.1401, 0.026, 0.3492], [0.1537, 0.0, 0.08143333333333333, 0.0652, 0.0382, 0.096, 0.1823, 0.023866666666666668], [0.12696666666666667, 0.08143333333333333, 0.0, 0.13613333333333333, 0.13406666666666667, 0.18916666666666668, 0.09413333333333333, 0.1367], [0.11733333333333333, 0.0652, 0.13613333333333333, 0.0, 0.13416666666666666, 0.13313333333333333, 0.03903333333333334, 0.004233333333333334], [0.003966666666666667, 0.0382, 0.13406666666666667, 0.13416666666666666, 0.0, 0.1382, 0.06896666666666666, 0.1189], [0.1401, 0.096, 0.18916666666666668, 0.13313333333333333, 0.1382, 0.0, 0.08263333333333334, 0.1271], [0.026, 0.1823, 0.09413333333333333, 0.03903333333333334, 0.06896666666666666, 0.08263333333333334, 0.0, 0.15603333333333333], [0.3492, 0.023866666666666668, 0.1367, 0.004233333333333334, 0.1189, 0.1271, 0.15603333333333333, 0.0]], "n": 30000}